"","genus","phylum","class","order","family"
"1","Butyricimonas","Bacteroidota","Bacteroidia","Bacteroidales","Odoribacteraceae"
"2","Bacteroides","Bacteroidota","Bacteroidia","Bacteroidales","Bacteroidaceae"
"3","Eubacterium","Bacillota","Clostridia","Eubacteriales","Eubacteriaceae"
"4","Parabacteroides","Bacteroidota","Bacteroidia","Bacteroidales","Tannerellaceae"
"5","Alistipes","Bacteroidota","Bacteroidia","Bacteroidales","Rikenellaceae"
"6","Anaerotruncus","Bacillota","Clostridia","Eubacteriales","Oscillospiraceae"
"7","Veillonella","Bacillota","Negativicutes","Veillonellales","Veillonellaceae"
"8","Blautia","Bacillota","Clostridia","Eubacteriales","Lachnospiraceae"
"9","Collinsella","Actinomycetota","Coriobacteriia","Coriobacteriales","Coriobacteriaceae"
"10","Granulicatella","Bacillota","Bacilli","Lactobacillales","Carnobacteriaceae"
"11","Lachnospira","Bacillota","Clostridia","Eubacteriales","Lachnospiraceae"
"12","Streptococcus","Bacillota","Bacilli","Lactobacillales","Streptococcaceae"
"13","Dorea","Bacillota","Clostridia","Eubacteriales","Lachnospiraceae"
"14","Clostridium","Bacillota","Clostridia","Eubacteriales","Clostridiaceae"
"15","Ruminococcus","Bacillota","Clostridia","Eubacteriales","Oscillospiraceae"
"16","Roseburia","Bacillota","Clostridia","Eubacteriales","Lachnospiraceae"
"17","Mitsuokella","Bacillota","Negativicutes","Selenomonadales","Selenomonadaceae"
"18","Bifidobacterium","Actinomycetota","Actinomycetes","Bifidobacteriales","Bifidobacteriaceae"
"19","Enterocloster","Bacillota","Clostridia","Eubacteriales","Lachnospiraceae"
"20","Faecalibacterium","Bacillota","Clostridia","Eubacteriales","Oscillospiraceae"
"21","Tyzzerella","Bacillota","Clostridia","Eubacteriales","Lachnospiraceae"
"22","Lactobacillus","Bacillota","Bacilli","Lactobacillales","Lactobacillaceae"
"23","Akkermansia","Verrucomicrobiota","Verrucomicrobiae","Verrucomicrobiales","Akkermansiaceae"
"24","Anaerobutyricum","Bacillota","Clostridia","Eubacteriales","Lachnospiraceae"
"25","Megasphaera","Bacillota","Negativicutes","Veillonellales","Veillonellaceae"
"26","Lactococcus","Bacillota","Bacilli","Lactobacillales","Streptococcaceae"
"27","Intestinibacter","Bacillota","Clostridia","Eubacteriales","Peptostreptococcaceae"
"28","Catenibacterium","Bacillota","Erysipelotrichia","Erysipelotrichales","Coprobacillaceae"
"29","Butyrivibrio","Bacillota","Clostridia","Eubacteriales","Lachnospiraceae"
"30","Prevotella","Bacteroidota","Bacteroidia","Bacteroidales","Prevotellaceae"
"31","Coprococcus","Bacillota","Clostridia","Eubacteriales","Lachnospiraceae"
"32","Anaerostipes","Bacillota","Clostridia","Eubacteriales","Lachnospiraceae"
"33","Acidaminococcus","Bacillota","Negativicutes","Acidaminococcales","Acidaminococcaceae"
"34","Marvinbryantia","Bacillota","Clostridia","Eubacteriales","Lachnospiraceae"
"35","Desulfovibrio","Thermodesulfobacteriota","Desulfovibrionia","Desulfovibrionales","Desulfovibrionaceae"
"36","Escherichia","Pseudomonadota","Gammaproteobacteria","Enterobacterales","Enterobacteriaceae"
"37","Phocaeicola","Bacteroidota","Bacteroidia","Bacteroidales","Bacteroidaceae"
"38","Subdoligranulum","Bacillota","Clostridia","Eubacteriales","Oscillospiraceae"
"39","Actinobacillus","Pseudomonadota","Gammaproteobacteria","Pasteurellales","Pasteurellaceae"
"40","Actinomyces","Actinomycetota","Actinomycetes","Actinomycetales","Actinomycetaceae"
"41","Adlercreutzia","Actinomycetota","Coriobacteriia","Eggerthellales","Eggerthellaceae"
"42","Aggregatibacter","Pseudomonadota","Gammaproteobacteria","Pasteurellales","Pasteurellaceae"
"43","Aliagarivorans","Pseudomonadota","Gammaproteobacteria","Alteromonadales","Alteromonadaceae"
"44","Alloscardovia","Actinomycetota","Actinomycetes","Bifidobacteriales","Bifidobacteriaceae"
"45","Anaerococcus","Bacillota","Tissierellia","Tissierellales","Peptoniphilaceae"
"46","Bacillus","Bacillota","Bacilli","Bacillales","Bacillaceae"
"47","Barnesiella","Bacteroidota","Bacteroidia","Bacteroidales","Barnesiellaceae"
"48","Bavariicoccus","Bacillota","Bacilli","Lactobacillales","Enterococcaceae"
"49","Bilophila","Thermodesulfobacteriota","Desulfovibrionia","Desulfovibrionales","Desulfovibrionaceae"
"50","Brachymonas","Pseudomonadota","Betaproteobacteria","Burkholderiales","Comamonadaceae"
"51","Caldicoprobacter","Bacillota","Clostridia","Eubacteriales","Caldicoprobacteraceae"
"52","Citrobacter","Pseudomonadota","Gammaproteobacteria","Enterobacterales","Enterobacteriaceae"
"53","Clostridioides","Bacillota","Clostridia","Eubacteriales","Peptostreptococcaceae"
"54","Cutibacterium","Actinomycetota","Actinomycetes","Propionibacteriales","Propionibacteriaceae"
"55","Dysgonomonas","Bacteroidota","Bacteroidia","Bacteroidales","Dysgonomonadaceae"
"56","Eggerthella","Actinomycetota","Coriobacteriia","Eggerthellales","Eggerthellaceae"
"57","Eisenbergiella","Bacillota","Clostridia","Eubacteriales","Lachnospiraceae"
"58","Enterobacter","Pseudomonadota","Gammaproteobacteria","Enterobacterales","Enterobacteriaceae"
"59","Enterococcus","Bacillota","Bacilli","Lactobacillales","Enterococcaceae"
"60","Enterovibrio","Pseudomonadota","Gammaproteobacteria","Vibrionales","Vibrionaceae"
"61","Erysipelatoclostridium","Bacillota","Erysipelotrichia","Erysipelotrichales","Coprobacillaceae"
"62","Faecalitalea","Bacillota","Erysipelotrichia","Erysipelotrichales","Erysipelotrichaceae"
"63","Ferrimonas","Pseudomonadota","Gammaproteobacteria","Alteromonadales","Ferrimonadaceae"
"64","Flavobacterium","Bacteroidota","Flavobacteriia","Flavobacteriales","Flavobacteriaceae"
"65","Flavonifractor","Bacillota","Clostridia","Eubacteriales","Oscillospiraceae"
"66","Fusicatenibacter","Bacillota","Clostridia","Eubacteriales","Lachnospiraceae"
"67","Gallibacterium","Pseudomonadota","Gammaproteobacteria","Pasteurellales","Pasteurellaceae"
"68","Gemmiger","Bacillota","Clostridia","Eubacteriales",NA
"69","Hafnia","Pseudomonadota","Gammaproteobacteria","Enterobacterales","Hafniaceae"
"70","Helicobacter","Campylobacterota","Epsilonproteobacteria","Campylobacterales","Helicobacteraceae"
"71","Hungatella","Bacillota","Clostridia","Eubacteriales","Clostridiaceae"
"72","Intestinimonas","Bacillota","Clostridia","Eubacteriales",NA
"73","Klebsiella","Pseudomonadota","Gammaproteobacteria","Enterobacterales","Enterobacteriaceae"
"74","Leuconostoc","Bacillota","Bacilli","Lactobacillales","Lactobacillaceae"
"75","Mannheimia","Pseudomonadota","Gammaproteobacteria","Pasteurellales","Pasteurellaceae"
"76","Microvirgula","Pseudomonadota","Betaproteobacteria","Neisseriales","Aquaspirillaceae"
"77","Murimonas","Bacillota","Clostridia","Eubacteriales","Lachnospiraceae"
"78","Nitriliruptor","Actinomycetota","Nitriliruptoria","Nitriliruptorales","Nitriliruptoraceae"
"79","Odoribacter","Bacteroidota","Bacteroidia","Bacteroidales","Odoribacteraceae"
"80","Ornithobacterium","Bacteroidota","Flavobacteriia","Flavobacteriales","Weeksellaceae"
"81","Pediococcus","Bacillota","Bacilli","Lactobacillales","Lactobacillaceae"
"82","Peptoniphilus","Bacillota","Tissierellia","Tissierellales","Peptoniphilaceae"
"83","Porphyromonas","Bacteroidota","Bacteroidia","Bacteroidales","Porphyromonadaceae"
"84","Propionimicrobium","Actinomycetota","Actinomycetes","Propionibacteriales","Propionibacteriaceae"
"85","Proteus","Pseudomonadota","Gammaproteobacteria","Enterobacterales","Morganellaceae"
"86","Pseudomonas","Pseudomonadota","Gammaproteobacteria","Pseudomonadales","Pseudomonadaceae"
"87","Rheinheimera","Pseudomonadota","Gammaproteobacteria","Chromatiales","Chromatiaceae"
"88","Riemerella","Bacteroidota","Flavobacteriia","Flavobacteriales","Weeksellaceae"
"89","Sellimonas","Bacillota","Clostridia","Eubacteriales","Lachnospiraceae"
"90","Staphylococcus","Bacillota","Bacilli","Bacillales","Staphylococcaceae"
"91","Stenotrophomonas","Pseudomonadota","Gammaproteobacteria","Xanthomonadales","Xanthomonadaceae"
"92","Sutterella","Pseudomonadota","Betaproteobacteria","Burkholderiales","Sutterellaceae"
"93","Turicibacter","Bacillota","Erysipelotrichia","Erysipelotrichales","Turicibacteraceae"
"94","Varibaculum","Actinomycetota","Actinomycetes","Actinomycetales","Actinomycetaceae"
"95","Vibrio","Pseudomonadota","Gammaproteobacteria","Vibrionales","Vibrionaceae"
"96","Phascolarctobacterium","Bacillota","Negativicutes","Acidaminococcales","Acidaminococcaceae"
"97","Parasutterella","Pseudomonadota","Betaproteobacteria","Burkholderiales","Sutterellaceae"
"98","Sphingomonas","Pseudomonadota","Alphaproteobacteria","Sphingomonadales","Sphingomonadaceae"
"99","Haemophilus","Pseudomonadota","Gammaproteobacteria","Pasteurellales","Pasteurellaceae"
"100","Ochrobactrum","Pseudomonadota","Alphaproteobacteria","Hyphomicrobiales","Brucellaceae"
"101","Holdemanella","Bacillota","Erysipelotrichia","Erysipelotrichales","Erysipelotrichaceae"
"102","Coprobacter","Bacteroidota","Bacteroidia","Bacteroidales","Barnesiellaceae"
"103","Comamonas","Pseudomonadota","Betaproteobacteria","Burkholderiales","Comamonadaceae"
"104","Fusobacterium","Fusobacteriota","Fusobacteriia","Fusobacteriales","Fusobacteriaceae"
"105","Lysobacter","Pseudomonadota","Gammaproteobacteria","Xanthomonadales","Xanthomonadaceae"
"106","Pseudoxanthomonas","Pseudomonadota","Gammaproteobacteria","Xanthomonadales","Xanthomonadaceae"
"107","Silanimonas","Pseudomonadota","Gammaproteobacteria","Xanthomonadales","Xanthomonadaceae"
"108","Brachyspira","Spirochaetota","Spirochaetia","Brachyspirales","Brachyspiraceae"
"109","Treponema","Spirochaetota","Spirochaetia","Spirochaetales","Treponemataceae"
"110","Cloacibacillus","Synergistota","Synergistia","Synergistales","Synergistaceae"
"111","Pyramidobacter","Synergistota","Synergistia","Synergistales","Dethiosulfovibrionaceae"
"112","Mycoplasma","Mycoplasmatota","Mollicutes","Mycoplasmatales","Mycoplasmataceae"
"113","Ureaplasma","Mycoplasmatota",NA,"Mycoplasmoidales","Mycoplasmoidaceae"
"114","Acinetobacter","Pseudomonadota","Gammaproteobacteria","Moraxellales","Moraxellaceae"
"115","Moraxella","Pseudomonadota","Gammaproteobacteria","Moraxellales","Moraxellaceae"
"116","Psychrobacter","Pseudomonadota","Gammaproteobacteria","Moraxellales","Moraxellaceae"
"117","Grimontia","Pseudomonadota","Gammaproteobacteria","Vibrionales","Vibrionaceae"
"118","Nevskia","Pseudomonadota","Gammaproteobacteria","Nevskiales","Nevskiaceae"
"119","Providencia","Pseudomonadota","Gammaproteobacteria","Enterobacterales","Morganellaceae"
"120","Raoultella","Pseudomonadota","Gammaproteobacteria","Enterobacterales","Enterobacteriaceae"
"121","Salmonella","Pseudomonadota","Gammaproteobacteria","Enterobacterales","Enterobacteriaceae"
"122","Serratia","Pseudomonadota","Gammaproteobacteria","Enterobacterales","Yersiniaceae"
"123","Shigella","Pseudomonadota","Gammaproteobacteria","Enterobacterales","Enterobacteriaceae"
"124","Tatumella","Pseudomonadota","Gammaproteobacteria","Enterobacterales","Erwiniaceae"
"125","Trabulsiella","Pseudomonadota","Gammaproteobacteria","Enterobacterales","Enterobacteriaceae"
"126","Yersinia","Pseudomonadota","Gammaproteobacteria","Enterobacterales","Yersiniaceae"
"127","Yokenella","Pseudomonadota","Gammaproteobacteria","Enterobacterales","Enterobacteriaceae"
"128","Cronobacter","Pseudomonadota","Gammaproteobacteria","Enterobacterales","Enterobacteriaceae"
"129","Edwardsiella","Pseudomonadota","Gammaproteobacteria","Enterobacterales","Hafniaceae"
"130","Kluyvera","Pseudomonadota","Gammaproteobacteria","Enterobacterales","Enterobacteriaceae"
"131","Leminorella","Pseudomonadota","Gammaproteobacteria","Enterobacterales","Budviciaceae"
"132","Moellerella","Pseudomonadota","Gammaproteobacteria","Enterobacterales","Morganellaceae"
"133","Morganella","Pseudomonadota","Gammaproteobacteria","Enterobacterales","Morganellaceae"
"134","Pantoea","Pseudomonadota","Gammaproteobacteria","Enterobacterales","Erwiniaceae"
"135","Plesiomonas","Pseudomonadota","Gammaproteobacteria","Enterobacterales","Enterobacteriaceae"
"136","Campylobacter","Campylobacterota","Epsilonproteobacteria","Campylobacterales","Campylobacteraceae"
"137","Aeromonas","Pseudomonadota","Gammaproteobacteria","Aeromonadales","Aeromonadaceae"
"138","Anaerobiospirillum","Pseudomonadota","Gammaproteobacteria","Aeromonadales","Succinivibrionaceae"
"139","Succinatimonas","Pseudomonadota","Gammaproteobacteria","Aeromonadales","Succinivibrionaceae"
"140","Succinivibrio","Pseudomonadota","Gammaproteobacteria","Aeromonadales","Succinivibrionaceae"
"141","Cedecea","Pseudomonadota","Gammaproteobacteria","Enterobacterales","Enterobacteriaceae"
"142","Pelomonas","Pseudomonadota","Betaproteobacteria","Burkholderiales","Comamonadaceae"
"143","Variovorax","Pseudomonadota","Betaproteobacteria","Burkholderiales","Comamonadaceae"
"144","Herbaspirillum","Pseudomonadota","Betaproteobacteria","Burkholderiales","Oxalobacteraceae"
"145","Massilia","Pseudomonadota","Betaproteobacteria","Burkholderiales","Oxalobacteraceae"
"146","Oxalobacter","Pseudomonadota","Betaproteobacteria","Burkholderiales","Oxalobacteraceae"
"147","Eikenella","Pseudomonadota","Betaproteobacteria","Neisseriales","Neisseriaceae"
"148","Laribacter","Pseudomonadota","Betaproteobacteria","Neisseriales","Aquaspirillaceae"
"149","Kingella","Pseudomonadota","Betaproteobacteria","Neisseriales","Neisseriaceae"
"150","Neisseria","Pseudomonadota","Betaproteobacteria","Neisseriales","Neisseriaceae"
"151","Methyloversatilis","Pseudomonadota","Betaproteobacteria","Nitrosomonadales","Sterolibacteriaceae"
"152","Arcobacter","Campylobacterota","Epsilonproteobacteria","Campylobacterales","Arcobacteraceae"
"153","Methylobacterium","Pseudomonadota","Alphaproteobacteria","Hyphomicrobiales","Methylobacteriaceae"
"154","Microvirga","Pseudomonadota","Alphaproteobacteria","Hyphomicrobiales","Methylobacteriaceae"
"155","Mesorhizobium","Pseudomonadota","Alphaproteobacteria","Hyphomicrobiales","Phyllobacteriaceae"
"156","Phyllobacterium","Pseudomonadota","Alphaproteobacteria","Hyphomicrobiales","Phyllobacteriaceae"
"157","Agrobacterium","Pseudomonadota","Alphaproteobacteria","Hyphomicrobiales","Rhizobiaceae"
"158","Ancylobacter","Pseudomonadota","Alphaproteobacteria","Hyphomicrobiales","Xanthobacteraceae"
"159","Paracoccus","Pseudomonadota","Alphaproteobacteria","Rhodobacterales","Paracoccaceae"
"160","Roseomonas","Pseudomonadota","Alphaproteobacteria","Rhodospirillales","Acetobacteraceae"
"161","Skermanella","Pseudomonadota","Alphaproteobacteria","Rhodospirillales","Azospirillaceae"
"162","Blastomonas","Pseudomonadota","Alphaproteobacteria","Sphingomonadales","Sphingomonadaceae"
"163","Achromobacter","Pseudomonadota","Betaproteobacteria","Burkholderiales","Alcaligenaceae"
"164","Alcaligenes","Pseudomonadota","Betaproteobacteria","Burkholderiales","Alcaligenaceae"
"165","Bordetella","Pseudomonadota","Betaproteobacteria","Burkholderiales","Alcaligenaceae"
"166","Kerstersia","Pseudomonadota","Betaproteobacteria","Burkholderiales","Alcaligenaceae"
"167","Burkholderia","Pseudomonadota","Betaproteobacteria","Burkholderiales","Burkholderiaceae"
"168","Cupriavidus","Pseudomonadota","Betaproteobacteria","Burkholderiales","Burkholderiaceae"
"169","Lautropia","Pseudomonadota","Betaproteobacteria","Burkholderiales","Burkholderiaceae"
"170","Ralstonia","Pseudomonadota","Betaproteobacteria","Burkholderiales","Burkholderiaceae"
"171","Acidovorax","Pseudomonadota","Betaproteobacteria","Burkholderiales","Comamonadaceae"
"172","Aquabacterium","Pseudomonadota","Betaproteobacteria","Burkholderiales",NA
"173","Delftia","Pseudomonadota","Betaproteobacteria","Burkholderiales","Comamonadaceae"
"174","Leptotrichia","Fusobacteriota","Fusobacteriia","Fusobacteriales","Leptotrichiaceae"
"175","Victivallis","Lentisphaerota","Lentisphaeria","Victivallales","Victivallaceae"
"176","Schlesneria","Planctomycetota","Planctomycetia","Planctomycetales","Planctomycetaceae"
"177","Brevundimonas","Pseudomonadota","Alphaproteobacteria","Caulobacterales","Caulobacteraceae"
"178","Phenylobacterium","Pseudomonadota","Alphaproteobacteria","Caulobacterales","Caulobacteraceae"
"179","Aurantimonas","Pseudomonadota","Alphaproteobacteria","Hyphomicrobiales","Aurantimonadaceae"
"180","Bradyrhizobium","Pseudomonadota","Alphaproteobacteria","Hyphomicrobiales","Nitrobacteraceae"
"181","Afipia","Pseudomonadota","Alphaproteobacteria","Hyphomicrobiales","Nitrobacteraceae"
"182","Desulfitobacterium","Bacillota","Clostridia","Eubacteriales","Desulfitobacteriaceae"
"183","Allisonella","Bacillota","Negativicutes","Veillonellales","Veillonellaceae"
"184","Dialister","Bacillota","Negativicutes","Veillonellales","Veillonellaceae"
"185","Megamonas","Bacillota","Negativicutes","Selenomonadales","Selenomonadaceae"
"186","Negativicoccus","Bacillota","Negativicutes","Veillonellales","Veillonellaceae"
"187","Selenomonas","Bacillota","Negativicutes","Selenomonadales","Selenomonadaceae"
"188","Cetobacterium","Fusobacteriota","Fusobacteriia","Fusobacteriales","Fusobacteriaceae"
"189","Coprobacillus","Bacillota","Erysipelotrichia","Erysipelotrichales","Coprobacillaceae"
"190","Eggerthia","Bacillota","Erysipelotrichia","Erysipelotrichales","Coprobacillaceae"
"191","Kandleria","Bacillota","Erysipelotrichia","Erysipelotrichales","Coprobacillaceae"
"192","Stoquefichus","Bacillota","Erysipelotrichia","Erysipelotrichales","Erysipelotrichaceae"
"193","Anaerorhabdus","Bacillota","Erysipelotrichia","Erysipelotrichales","Erysipelotrichaceae"
"194","Bulleidia","Bacillota","Erysipelotrichia","Erysipelotrichales","Erysipelotrichaceae"
"195","Holdemania","Bacillota","Erysipelotrichia","Erysipelotrichales","Erysipelotrichaceae"
"196","Solobacterium","Bacillota","Erysipelotrichia","Erysipelotrichales","Erysipelotrichaceae"
"197","Peptococcus","Bacillota","Clostridia","Eubacteriales","Peptococcaceae"
"198","Robinsoniella","Bacillota","Clostridia","Eubacteriales","Lachnospiraceae"
"199","Anaerofustis","Bacillota","Clostridia","Eubacteriales","Eubacteriaceae"
"200","Pseudoramibacter","Bacillota","Clostridia","Eubacteriales","Eubacteriaceae"
"201","Dielma","Bacillota","Erysipelotrichia","Erysipelotrichales","Erysipelotrichaceae"
"202","Hespellia","Bacillota","Clostridia","Eubacteriales","Lachnospiraceae"
"203","Lachnoanaerobaculum","Bacillota","Clostridia","Eubacteriales","Lachnospiraceae"
"204","Lactonifactor","Bacillota","Clostridia","Eubacteriales","Clostridiaceae"
"205","Lachnobacterium","Bacillota","Clostridia","Eubacteriales","Lachnospiraceae"
"206","Oribacterium","Bacillota","Clostridia","Eubacteriales","Lachnospiraceae"
"207","Parasporobacterium","Bacillota","Clostridia","Eubacteriales","Lachnospiraceae"
"208","Cellulosilyticum","Bacillota","Clostridia","Eubacteriales","Cellulosilyticaceae"
"209","Finegoldia","Bacillota","Tissierellia","Tissierellales","Peptoniphilaceae"
"210","Kallipyga","Bacillota","Tissierellia",NA,NA
"211","Parvimonas","Bacillota","Tissierellia","Tissierellales","Peptoniphilaceae"
"212","Tissierella","Bacillota","Tissierellia","Tissierellales","Tissierellaceae"
"213","Oscillibacter","Bacillota","Clostridia","Eubacteriales","Oscillospiraceae"
"214","Papillibacter","Bacillota","Clostridia","Eubacteriales","Oscillospiraceae"
"215","Pseudoflavonifractor","Bacillota","Clostridia","Eubacteriales","Oscillospiraceae"
"216","Soleaferrea","Bacillota","Clostridia","Eubacteriales",NA
"217","Mogibacterium","Bacillota","Clostridia","Eubacteriales","Eubacteriales Family XIII. Incertae Sedis"
"218","Filifactor","Bacillota","Clostridia","Eubacteriales","Peptostreptococcaceae"
"219","Peptostreptococcus","Bacillota","Clostridia","Eubacteriales","Peptostreptococcaceae"
"220","Sarcina","Bacillota","Clostridia","Eubacteriales","Clostridiaceae"
"221","Acetanaerobacterium","Bacillota","Clostridia","Eubacteriales","Oscillospiraceae"
"222","Butyricicoccus","Bacillota","Clostridia","Eubacteriales","Clostridiaceae"
"223","Hydrogenoanaerobacterium","Bacillota","Clostridia","Eubacteriales","Oscillospiraceae"
"224","Christensenella","Bacillota","Clostridia","Eubacteriales","Christensenellaceae"
"225","Catabacter","Bacillota","Clostridia","Eubacteriales","Christensenellaceae"
"226","Weissella","Bacillota","Bacilli","Lactobacillales","Lactobacillaceae"
"227","Abiotrophia","Bacillota","Bacilli","Lactobacillales","Aerococcaceae"
"228","Aerococcus","Bacillota","Bacilli","Lactobacillales","Aerococcaceae"
"229","Facklamia","Bacillota","Bacilli","Lactobacillales","Aerococcaceae"
"230","Tetragenococcus","Bacillota","Bacilli","Lactobacillales","Enterococcaceae"
"231","Kurthia","Bacillota","Bacilli","Bacillales","Planococcaceae"
"232","Lysinibacillus","Bacillota","Bacilli","Bacillales","Bacillaceae"
"233","Planococcus","Bacillota","Bacilli","Bacillales","Planococcaceae"
"234","Planomicrobium","Bacillota","Bacilli","Bacillales","Planococcaceae"
"235","Sporosarcina","Bacillota","Bacilli","Bacillales","Planococcaceae"
"236","Ureibacillus","Bacillota","Bacilli","Bacillales","Planococcaceae"
"237","Gemella","Bacillota","Bacilli","Bacillales","Gemellaceae"
"238","Brochothrix","Bacillota","Bacilli","Bacillales","Listeriaceae"
"239","Aneurinibacillus","Bacillota","Bacilli","Bacillales","Paenibacillaceae"
"240","Brevibacillus","Bacillota","Bacilli","Bacillales","Paenibacillaceae"
"241","Paenibacillus","Bacillota","Bacilli","Bacillales","Paenibacillaceae"
"242","Geobacillus","Bacillota","Bacilli","Bacillales","Bacillaceae"
"243","Oceanobacillus","Bacillota","Bacilli","Bacillales","Bacillaceae"
"244","Virgibacillus","Bacillota","Bacilli","Bacillales","Bacillaceae"
"245","Exiguobacterium","Bacillota","Bacilli","Bacillales",NA
"246","Capnocytophaga","Bacteroidota","Flavobacteriia","Flavobacteriales","Flavobacteriaceae"
"247","Chryseobacterium","Bacteroidota","Flavobacteriia","Flavobacteriales","Weeksellaceae"
"248","Cloacibacterium","Bacteroidota","Flavobacteriia","Flavobacteriales","Weeksellaceae"
"249","Wautersiella","Bacteroidota","Flavobacteriia","Flavobacteriales","Weeksellaceae"
"250","Sphingobacterium","Bacteroidota","Sphingobacteriia","Sphingobacteriales","Sphingobacteriaceae"
"251","Tumebacillus","Bacillota","Bacilli","Bacillales","Alicyclobacillaceae"
"252","Paraprevotella","Bacteroidota","Bacteroidia","Bacteroidales","Prevotellaceae"
"253","Dyadobacter","Bacteroidota","Cytophagia","Cytophagales","Spirosomataceae"
"254","Hymenobacter","Bacteroidota","Cytophagia","Cytophagales","Hymenobacteraceae"
"255","Rudanella","Bacteroidota","Cytophagia","Cytophagales","Cytophagaceae"
"256","Tannerella","Bacteroidota","Bacteroidia","Bacteroidales","Tannerellaceae"
"257","Alloprevotella","Bacteroidota","Bacteroidia","Bacteroidales","Prevotellaceae"
"258","Olsenella","Actinomycetota","Coriobacteriia","Coriobacteriales","Atopobiaceae"
"259","Paraeggerthella","Actinomycetota","Coriobacteriia","Eggerthellales","Eggerthellaceae"
"260","Senegalimassilia","Actinomycetota","Coriobacteriia","Coriobacteriales","Coriobacteriaceae"
"261","Slackia","Actinomycetota","Coriobacteriia","Eggerthellales","Eggerthellaceae"
"262","Scardovia","Actinomycetota","Actinomycetes","Bifidobacteriales","Bifidobacteriaceae"
"263","Atopobium","Actinomycetota","Coriobacteriia","Coriobacteriales","Atopobiaceae"
"264","Cryptobacterium","Actinomycetota","Coriobacteriia","Eggerthellales","Eggerthellaceae"
"265","Gordonibacter","Actinomycetota","Coriobacteriia","Eggerthellales","Eggerthellaceae"
"266","Micrococcus","Actinomycetota","Actinomycetes","Micrococcales","Micrococcaceae"
"267","Rothia","Actinomycetota","Actinomycetes","Micrococcales","Micrococcaceae"
"268","Micromonospora","Actinomycetota","Actinomycetes","Micromonosporales","Micromonosporaceae"
"269","Mycobacterium","Actinomycetota","Actinomycetes","Mycobacteriales","Mycobacteriaceae"
"270","Rhodococcus","Actinomycetota","Actinomycetes","Mycobacteriales","Nocardiaceae"
"271","Promicromonospora","Actinomycetota","Actinomycetes","Micrococcales","Promicromonosporaceae"
"272","Cellulosimicrobium","Actinomycetota","Actinomycetes","Micrococcales","Promicromonosporaceae"
"273","Aeromicrobium","Actinomycetota","Actinomycetes","Propionibacteriales","Nocardioidaceae"
"274","Propionibacterium","Actinomycetota","Actinomycetes","Propionibacteriales","Propionibacteriaceae"
"275","Streptomyces","Actinomycetota","Actinomycetes","Kitasatosporales","Streptomycetaceae"
"276","Tropheryma","Actinomycetota","Actinomycetes","Micrococcales","Tropherymataceae"
"277","Timonella","Actinomycetota","Actinomycetes","Micrococcales",NA
"278","Dietzia","Actinomycetota","Actinomycetes","Mycobacteriales","Dietziaceae"
"279","Blastococcus","Actinomycetota","Actinomycetes","Geodermatophilales","Geodermatophilaceae"
"280","Gordonia","Actinomycetota","Actinomycetes","Mycobacteriales","Gordoniaceae"
"281","Janibacter","Actinomycetota","Actinomycetes","Micrococcales","Intrasporangiaceae"
"282","Agrococcus","Actinomycetota","Actinomycetes","Micrococcales","Microbacteriaceae"
"283","Curtobacterium","Actinomycetota","Actinomycetes","Micrococcales","Microbacteriaceae"
"284","Microbacterium","Actinomycetota","Actinomycetes","Micrococcales","Microbacteriaceae"
"285","Yonghaparkia","Actinomycetota","Actinomycetes","Micrococcales","Microbacteriaceae"
"286","Arthrobacter","Actinomycetota","Actinomycetes","Micrococcales","Micrococcaceae"
"287","Kocuria","Actinomycetota","Actinomycetes","Micrococcales","Micrococcaceae"
"288","Cellulomonas","Actinomycetota","Actinomycetes","Micrococcales","Cellulomonadaceae"
"289","Corynebacterium","Actinomycetota","Actinomycetes","Mycobacteriales","Corynebacteriaceae"
"290","Brachybacterium","Actinomycetota","Actinomycetes","Micrococcales","Dermabacteraceae"
"291","Dermabacter","Actinomycetota","Actinomycetes","Micrococcales","Dermabacteraceae"
"292","Dermacoccus","Actinomycetota","Actinomycetes","Micrococcales","Dermacoccaceae"
"293","Kytococcus","Actinomycetota","Actinomycetes","Micrococcales","Kytococcaceae"
"294","Arcanobacterium","Actinomycetota","Actinomycetes","Actinomycetales","Actinomycetaceae"
"295","Mobiluncus","Actinomycetota","Actinomycetes","Actinomycetales","Actinomycetaceae"
"296","Trueperella","Actinomycetota","Actinomycetes","Actinomycetales","Actinomycetaceae"
"297","Georgenia","Actinomycetota","Actinomycetes","Micrococcales","Bogoriellaceae"
"298","Brevibacterium","Actinomycetota","Actinomycetes","Micrococcales","Brevibacteriaceae"
"299","Uruburuella","Pseudomonadota","Betaproteobacteria","Neisseriales","Neisseriaceae"
"300","Tsukamurella","Actinomycetota","Actinomycetes","Mycobacteriales","Tsukamurellaceae"
"301","Thermus","Deinococcota","Deinococci","Thermales","Thermaceae"
"302","Thermomonas","Pseudomonadota","Gammaproteobacteria","Xanthomonadales","Xanthomonadaceae"
"303","Thauera","Pseudomonadota","Betaproteobacteria","Rhodocyclales","Zoogloeaceae"
"304","Sphingopyxis","Pseudomonadota","Alphaproteobacteria","Sphingomonadales","Sphingomonadaceae"
"305","Sneathia","Fusobacteriota","Fusobacteriia","Fusobacteriales","Leptotrichiaceae"
"306","Romboutsia","Bacillota","Clostridia","Eubacteriales","Peptostreptococcaceae"
"307","Rhizobium","Pseudomonadota","Alphaproteobacteria","Hyphomicrobiales","Rhizobiaceae"
"308","Rahnella","Pseudomonadota","Gammaproteobacteria","Enterobacterales","Yersiniaceae"
"309","Pseudoclavibacter","Actinomycetota","Actinomycetes","Micrococcales","Microbacteriaceae"
"310","Pseudocitrobacter","Pseudomonadota","Gammaproteobacteria","Enterobacterales","Enterobacteriaceae"
"311","Pseudarthrobacter","Actinomycetota","Actinomycetes","Micrococcales","Micrococcaceae"
"312","Prochlorococcus","Cyanobacteriota","Cyanophyceae","Synechococcales","Prochlorococcaceae"
"313","Paraburkholderia","Pseudomonadota","Betaproteobacteria","Burkholderiales","Burkholderiaceae"
"314","Obesumbacterium","Pseudomonadota","Gammaproteobacteria","Enterobacterales","Hafniaceae"
"315","Novosphingobium","Pseudomonadota","Alphaproteobacteria","Sphingomonadales","Sphingomonadaceae"
"316","Microlunatus","Actinomycetota","Actinomycetes","Propionibacteriales","Propionibacteriaceae"
"317","Macrococcus","Bacillota","Bacilli","Bacillales","Staphylococcaceae"
"318","Listeria","Bacillota","Bacilli","Bacillales","Listeriaceae"
"319","Leucobacter","Actinomycetota","Actinomycetes","Micrococcales","Microbacteriaceae"
"320","Jeotgalicoccus","Bacillota","Bacilli","Bacillales","Staphylococcaceae"
"321","Hyphomicrobium","Pseudomonadota","Alphaproteobacteria","Hyphomicrobiales","Hyphomicrobiaceae"
"322","Herminiimonas","Pseudomonadota","Betaproteobacteria","Burkholderiales","Oxalobacteraceae"
"323","Glutamicibacter","Actinomycetota","Actinomycetes","Micrococcales","Micrococcaceae"
"324","Ensifer","Pseudomonadota","Alphaproteobacteria","Hyphomicrobiales","Rhizobiaceae"
"325","Enhydrobacter","Pseudomonadota","Alphaproteobacteria","Hyphomicrobiales",NA
"326","Empedobacter","Bacteroidota","Flavobacteriia","Flavobacteriales","Weeksellaceae"
"327","Devosia","Pseudomonadota","Alphaproteobacteria","Hyphomicrobiales","Devosiaceae"
"328","Desemzia","Bacillota","Bacilli","Lactobacillales","Carnobacteriaceae"
"329","Deinococcus","Deinococcota","Deinococci","Deinococcales","Deinococcaceae"
"330","Cytophaga","Bacteroidota","Cytophagia","Cytophagales","Cytophagaceae"
"331","Caulobacter","Pseudomonadota","Alphaproteobacteria","Caulobacterales","Caulobacteraceae"
"332","Carnobacterium","Bacillota","Bacilli","Lactobacillales","Carnobacteriaceae"
"333","Cardiobacterium","Pseudomonadota","Gammaproteobacteria","Cardiobacteriales","Cardiobacteriaceae"
"334","Aureimonas","Pseudomonadota","Alphaproteobacteria","Hyphomicrobiales","Aurantimonadaceae"
"335","Aquincola","Pseudomonadota","Betaproteobacteria","Burkholderiales","Sphaerotilaceae"
